{
  "checkpoint_20260131": 1392.7119349923,
  "greedy": 819.2918502030516,
  "random": 787.9962148046484
}
