{
  "aelskels": 1230.936305252387,
  "checkpoint_20260131": 1338.4386461741406,
  "drohh": 1000.6077243062892,
  "greedy": 958.2471270040185,
  "nealetham": 523.681341998149,
  "random": 948.0888552650155
}
